g5ej2tfz@gmail.com	篠崎	美玲	女	1993/6/30	鳥取県
dsbzhjyw@gmail.com	堀川	信明	男	1999/9/25	福井県
dabame8549@mi166.com	野口	信也	男	1997/8/28	群馬県
natipo5714@mom2kid.com	青木	柚依	女	1992/11/15	青森県
	高橋	智子	女	1997/3/25	徳島県
	菊池	邦男	男	1992/9/19	埼玉県
	山川	浩幸	男	2000/3/31	山形県
	細谷	鈴子	女	1997/11/28	香川県
	城戸	定吉	男	1998/12/3	香川県
	小山	美月	女	2001/5/29	高知県
	長尾	楽斗	男	1995/11/9	石川県
	首藤	弘子	女	1996/4/10	茨城県
	高瀬	義雄	男	1993/7/10	福岡県
	玉田	葵伊	男	1999/7/27	高知県
	白木	明子	女	1992/4/23	岩手県
	竹下	千絵	女	1997/2/11	山形県
	尾形	春代	女	1993/6/11	高知県
	勝田	凛久	男	1994/8/29	広島県
	下山	定夫	男	1999/7/12	長野県
	草野	璃音	女	1994/9/7	秋田県
	湯浅	里桜	女	1992/10/30	山梨県
	大西	晃子	女	1992/8/12	滋賀県
	首藤	玲太	男	2001/5/5	岩手県
	吉田	則夫	男	1992/3/29	岡山県
	西脇	祐一	男	1999/4/23	静岡県
	丹羽	泰史	男	1994/9/10	島根県
	大貫	蓮	男	1997/8/9	和歌山県
	冨田	徳雄	男	1997/7/19	岐阜県
	諏訪	英次	男	1999/6/23	長野県
